line,mean_hour
C,12.10337202441304
A,13.456263687995223
B,13.867175766874118
D,14.04669442403613
E,13.533941488710203
H,13.279729894661948
